<?xml version="1.0" encoding="UTF-8"?>
<sequence name="smsRetrieveSeq" trace="disable" xmlns="http://ws.apache.org/ns/synapse">
    <property name="HTTP_METHOD" scope="axis2" type="STRING" value="GET"/>
    <property action="remove" name="REST_URL_POSTFIX" scope="axis2"/>
    <header expression="get-property('ENDPOINT')" name="To" scope="default"/>
    <call>
        <endpoint key="smsRetrievalSeqEndpoint"/>
    </call>
    <switch source="$axis2:HTTP_SC">
        <case regex="200">
            <sequence key="smsRetrieveOutSeq"/>
        </case>
        <default/>
    </switch>
    <log level="full"/>
    <respond/>
</sequence>
