<?xml version="1.0" encoding="UTF-8"?>
<sequence name="ussdMainSeq" trace="disable" xmlns="http://ws.apache.org/ns/synapse">
    <sequence key="apiPropertySeq"/>
    <class name="com.wso2telco.dep.mediator.HandlerMediator">
        <property name="executorClass" value="com.wso2telco.dep.mediator.impl.ussd.USSDExecutor"/>
    </class>
    <switch source="get-property('HANDLER')">
        <case regex="SendUSSDHandler">
            <sequence key="sendUssdSeq"/>
        </case>
        <case regex="USSDInboundHandler">
            <sequence key="ussdInboundSeq"/>
        </case>
        <case regex="SouthBoundMOUSSDSubscribeHandler">
            <sequence key="ussdMOSubscribeSeq"/>
        </case>
        <case regex="SouthBoundStopMOUSSDSubscriptionHandler">
            <sequence key="ussdMOStopSubscriptionSeq"/>
        </case>
        <default>
            <!-- TODO:handle error -->
        </default>
    </switch>
</sequence>