<?xml version="1.0" encoding="UTF-8"?>
<sequence name="paymentMainSeq" trace="disable" xmlns="http://ws.apache.org/ns/synapse">
    <sequence key="apiPropertySeq"/>
    <class description="HandlerMediatorClass" name="com.wso2telco.dep.mediator.HandlerMediator">
        <property name="executorClass" value="com.wso2telco.dep.mediator.impl.payment.PaymentExecutor"/>
    </class>
    <switch source="get-property('HANDLER')">
        <case regex="QueryPaymentStatusHandler">
            <sequence key="paymentStatusSeq"/>
        </case>
        <case regex="AmountChargeHandler">
            <sequence key="paymentChargeSeq"/>
        </case>
        <case regex="AmountRefundHandler">
            <sequence key="paymentRefundSeq"/>
        </case>
        <case regex="ListTransactionsHandler">
            <sequence key="paymentListTransactionsSeq"/>
        </case>
        <default>
            <!-- TODO:handle error -->
        </default>
    </switch>
</sequence>