<?xml version="1.0" encoding="UTF-8"?>
<sequence name="paymentOutMainSeq" xmlns="http://ws.apache.org/ns/synapse">
    <switch source="get-property('HANDLER')" xmlns:ns="http://org.apache.synapse/xsd">
        <case regex="ListTransactionsHandler">
            <switch source="$axis2:HTTP_SC">
                <case regex="(200|201)">
                    <sequence key="replaceResourceURLForListSeq"/>
                </case>
                <default/>
            </switch>
        </case>
        <default>
            <switch source="$axis2:HTTP_SC">
                <case regex="(200|201)">
                    <sequence key="replaceResourceURLSeq"/>
                </case>
                <default/>
            </switch>
        </default>
    </switch>
</sequence>
