<?xml version="1.0" encoding="UTF-8"?><artifacts>
    <artifact name="locationAPI" groupId="com.example.com.wso2telco.dep.location.synapse.configs.api" version="1.0.0" type="synapse/api" serverRole="EnterpriseServiceBus">
        <file>src/main/synapse-config/api/locationAPI.xml</file>
    </artifact>
    <artifact name="locationSequence" groupId="com.example.com.wso2telco.dep.location.synapse.configs.sequence" version="1.0.0" type="synapse/sequence" serverRole="EnterpriseServiceBus">
        <file>src/main/synapse-config/sequences/locationSequence.xml</file>
    </artifact>
    <artifact name="apiPropertySeq" groupId="com.example.com.wso2telco.dep.location.synapse.configs.sequence" version="1.0.0" type="synapse/sequence" serverRole="EnterpriseServiceBus">
        <file>src/main/synapse-config/sequences/apiPropertySeq.xml</file>
    </artifact>
    <artifact name="locationOperatorEndpoint" groupId="com.example.com.wso2telco.dep.location.synapse.configs.endpoint" version="1.0.0" type="synapse/endpoint" serverRole="EnterpriseServiceBus">
        <file>src/main/synapse-config/endpoints/locationOperatorEndpoint.xml</file>
    </artifact>
</artifacts>
