<?xml version="1.0" encoding="UTF-8"?>
<sequence name="chargeRequestSeq" xmlns="http://ws.apache.org/ns/synapse">
  <filter regex="true" source="get-property('isUserInfoEnabled')" xmlns:ns="http://org.apache.synapse/xsd">
    <then>
      <enrich>
        <source clone="true" property="InitialMessage" type="property"/>
        <target action="replace" type="body"/>
      </enrich>
    </then>
    <else/>
  </filter>
  <header name="Content-Type" scope="transport" value="application/json"/>
  <header name="Accept" scope="transport" value="application/json"/>
  <header name="Accept-Charset" scope="transport" value="UTF-8"/>
  <header name="sandbox" scope="transport" value="admin"/>
  <header expression="get-property('auth-header')"
          name="Authorization" scope="transport" xmlns:ns="http://org.apache.synapse/xsd"/>
  <header expression="get-property('jwt-header')"
          name="x-jwt-assertion" scope="transport" xmlns:ns="http://org.apache.synapse/xsd"/>
  <send>
    <endpoint key="defaultPaymentEndpoint"/>
  </send>
</sequence>
