<?xml version="1.0" encoding="UTF-8"?>
<sequence name="checkLimitError" trace="disable" xmlns="http://ws.apache.org/ns/synapse">
  <switch source="get-property('FAULT_CODE')">
    <case regex="POL1001">
      <property name="HTTP_SC" scope="axis2" type="STRING" value="400"/>
      <payloadFactory media-type="json">
        <format>
	   		{"requestError":{"serviceException":null,"policyException":{"messageId":"$1","text":"$2","variables":"$3"}}}
	    </format>
        <args>
          <arg evaluator="xml" expression="get-property('FAULT_CODE')"/>
          <arg evaluator="xml" expression="get-property('FAULT_MSG')"/>
          <arg evaluator="xml" expression="get-property('FAULT_VARIABLE')"/>
        </args>
      </payloadFactory>
    </case>
    <default>
      <property name="HTTP_SC" scope="axis2" type="STRING" value="500"/>
    </default>
  </switch>
  <respond/>
</sequence>
