<?xml version="1.0" encoding="UTF-8"?>
<sequence name="dbAsyncInsertSeq" onError="dropSeq" trace="disable" xmlns="http://ws.apache.org/ns/synapse">
  <property expression="json-eval($.getSubscriberTypeResponse.userType)"
    name="packageType" scope="default" type="STRING"/>
  <dbreport>
     <connection>
            <pool>
                <dsName>jdbc/WSO2TELCO_DEP_DB</dsName>
            </pool>
        </connection>
    <statement>
      <sql><![CDATA[insert into userinfo(enduserid,package) values(?,?)]]></sql>
      <parameter expression="get-property('endUserId')" type="VARCHAR"/>
      <parameter expression="get-property('packageType')" type="VARCHAR"/>
    </statement>
  </dbreport>
</sequence>
