<?xml version="1.0" encoding="UTF-8"?>
<sequence name="userInfoSeq" onError="userInfoFaultSeq" trace="disable" xmlns="http://ws.apache.org/ns/synapse">
  <switch source="get-property('query.param.operator')">
    <case regex="CELCOM">
      <property
        expression="get-property('registry','local:/Resource/celcomAuthToken')"
        name="Authorization" scope="transport" type="STRING" xmlns:ns="http://org.apache.synapse/xsd"/>
      <property name="Content-Type" scope="transport" type="STRING" value=""/>
      <call>
        <endpoint key="CelcomUserInfoEndpoint"/>
      </call>
      <property name="messageType" scope="axis2" type="STRING" value="application/json"/>
      <switch source="get-property('axis2', 'HTTP_SC')">
        <case regex="200">
          <property
            expression="json-eval($.getSubscriberTypeResponse.userType)"
            name="packageType" scope="default" type="STRING"/>
        </case>
        <case regex="401|403">
          <clone>
            <target sequence="checkLimitSeq"/>
            <target sequence="getCelcomAuthTokenSeq"/>
          </clone>
        </case>
        <default>
          <sequence key="checkLimitSeq"/>
        </default>
      </switch>
    </case>
    <default>
      <sequence key="checkLimitSeq"/>
    </default>
  </switch>
  <clone>
    <target sequence="filterCheckLimitSeq"/>
    <target sequence="dbAsyncInsertSeq"/>
  </clone>
</sequence>
