<endpoint xmlns="http://ws.apache.org/ns/synapse" name="UserInfoEndpoint">
   <http uri-template="http://localhost:8286/oneapi/queryprofile/v1/{uri.var.operatorEndpoint}/subscriberType" method="get">
      <suspendOnFailure>
         <errorCodes>101500,101501,101506,101507,101508</errorCodes>
         <initialDuration>1000</initialDuration>
         <progressionFactor>2.0</progressionFactor>
         <maximumDuration>60000</maximumDuration>
      </suspendOnFailure>
      <markForSuspension>
         <errorCodes>101504,101505</errorCodes>
         <retriesBeforeSuspension>3</retriesBeforeSuspension>
         <retryDelay>1</retryDelay>
      </markForSuspension>
      <timeout>
         <duration>1000</duration>
         <responseAction>fault</responseAction>
      </timeout>
   </http>
</endpoint>
                        