<?xml version="1.0" encoding="UTF-8"?>
<sequence name="sendUssdSeq" trace="disable" xmlns="http://ws.apache.org/ns/synapse">
    <property name="REST_URL_POSTFIX" action="remove" scope="axis2"/>
    <header expression="get-property('ENDPOINT')" name="To" scope="default"/>
    <script language="js"><![CDATA[var payload= mc.getPayloadJSON();
    	payload.outboundUSSDMessageRequest.responseRequest.notifyURL = mc.getProperty('subsEndPoint');
 		mc.setPayloadJSON(payload);]]></script>
    <send>
        <endpoint key="sendUssdSeqEndpoint"/>
    </send>
    <respond/>

</sequence>