<?xml version="1.0" encoding="UTF-8"?>
<sequence name="smsStopSubsMessageNotificationSeq" trace="disable" xmlns="http://ws.apache.org/ns/synapse">
    <property action="remove" name="REST_URL_POSTFIX" scope="axis2"/>
    <header expression="get-property('ENDPOINT')" name="To" scope="default"/>
    <call>
        <endpoint key="defaultSMSEndpoint"/>
    </call>
    <switch source="$axis2:HTTP_SC">
        <case regex="(200|201|204)">
            <dbreport>
                <connection>
                    <pool>
                        <dsName>jdbc/WSO2TELCO_DEP_DB</dsName>
                    </pool>
                </connection>
                <statement>
                    <sql><![CDATA[delete from operatorsubs where mo_subscription_did=?;]]></sql>
                    <parameter expression="get-property('subscriptionId')"
                               type="VARCHAR" />
                </statement>
            </dbreport>
        </case>
        <default />
    </switch>
    <respond/>
</sequence>
