<?xml version="1.0" encoding="UTF-8"?>
<sequence name="locationSequence" trace="disable" xmlns="http://ws.apache.org/ns/synapse">
    <sequence key="apiPropertySeq"/>
    <class description="" name="com.wso2telco.dep.mediator.HandlerMediator">
        <property name="executorClass" value="com.wso2telco.dep.mediator.impl.LocationExecutor"/>
    </class>
    <header expression="get-property('ENDPOINT')" name="To" scope="default"/>
    <send>
        <endpoint key="locationOperatorEndpoint"/>
    </send>
</sequence>
