<?xml version="1.0" encoding="UTF-8"?>
<sequence name="smsMainSeq" trace="disable" xmlns="http://ws.apache.org/ns/synapse">
    <sequence key="apiPropertySeq"/>
    <class description="HandlerMediatorClass" name="com.wso2telco.dep.mediator.HandlerMediator">
        <property name="executorClass" value="com.wso2telco.dep.mediator.impl.smsmessaging.SMSExecutor"/>
    </class>
    <switch source="get-property('HANDLER')">
        <case regex="RetrieveSMSHandler">
            <sequence key="smsRetrieveSeq"/>
        </case>
        <case regex="RetrieveSMSSouthboundHandler">
            <sequence key="smsRetrieveSeq"/>
        </case>
        <case regex="QuerySMSStatusHandler">
            <sequence key="smsQueryDeliveryStatusSeq"/>
        </case>
        <case regex="OutboundSMSSubscriptionsSouthboundHandler">
            <sequence key="subscribeToSMSDeliveryNotificationsSeq"/>
        </case>
        <case regex="SendSMSHandler">
            <sequence key="sendSmsSeq"/>
        </case>
        <case regex="SMSOutboundNotificationsHandler">
            <sequence key="sendSMSDeliveryNotificationsSeq"/>
        </case>
        <case regex="SMSInboundSubscriptionsSouthboundHandler">
            <sequence key="smsInboundSubscriptionSeq"/>
        </case>
        <case regex="SMSInboundNotificationsHandler">
            <sequence key="smsInboundNotificationHandlerSeq"/>
        </case>
        <case regex="StopOutboundSMSSubscriptionsSouthBoundHandler">
            <sequence key="smsStopSubsDeliveryNotificationSeq"/>
        </case>
        <case regex="StopInboundSMSSubscriptionsHandler">
            <sequence key="smsStopSubsMessageNotificationSeq"/>
        </case>
        <default/>
    </switch>
</sequence>
